,country,date,new_cases,cumulative_cases
0,Afghanistan,2020-01-31,0,0
1,Afghanistan,2020-07-31,36628,2080134
2,Afghanistan,2021-01-31,18395,8092870
3,Afghanistan,2021-07-31,92131,14105445
4,Afghanistan,2022-01-31,14986,28667488
5,Afghanistan,2022-07-31,23440,32258375
6,Afghanistan,2023-01-31,14302,13161569
7,Albania,2020-01-31,0,0
8,Albania,2020-07-31,5197,212015
9,Albania,2021-01-31,72054,5525986
10,Albania,2021-07-31,55785,22250341
11,Albania,2022-01-31,124985,33829124
12,Albania,2022-07-31,52341,50131232
13,Albania,2023-01-31,20902,22165980
14,Algeria,2020-01-31,0,0
15,Algeria,2020-07-31,29831,1267447
16,Algeria,2021-01-31,77291,12419322
17,Algeria,2021-07-31,63067,22847966
18,Algeria,2022-01-31,80585,38109355
19,Algeria,2022-07-31,16600,47985844
20,Algeria,2023-01-31,3311,18353204
21,American Samoa,2020-01-31,0,0
22,American Samoa,2020-07-31,0,0
23,American Samoa,2021-01-31,0,0
24,American Samoa,2021-07-31,0,0
25,American Samoa,2022-01-31,18,1089
26,American Samoa,2022-07-31,7748,797575
27,American Samoa,2023-01-31,484,554182
28,Andorra,2020-01-31,0,0
29,Andorra,2020-07-31,922,97770
30,Andorra,2021-01-31,8963,855199
31,Andorra,2021-07-31,4793,2297949
32,Andorra,2022-01-31,20878,3419806
33,Andorra,2022-07-31,9952,7470138
34,Andorra,2023-01-31,767,3129639
35,Angola,2020-01-31,0,0
36,Angola,2020-07-31,1109,26019
37,Angola,2021-01-31,18673,1878140
38,Angola,2021-07-31,22864,5257852
39,Angola,2022-01-31,55430,11742889
40,Angola,2022-07-31,4399,18065186
41,Angola,2023-01-31,656,7004086
42,Anguilla,2020-01-31,0,0
43,Anguilla,2020-07-31,3,373
44,Anguilla,2021-01-31,14,1145
45,Anguilla,2021-07-31,97,12218
46,Anguilla,2022-01-31,2210,178838
47,Anguilla,2022-07-31,1256,533742
48,Anguilla,2023-01-31,286,257124
49,Antigua and Barbuda,2020-01-31,0,0
50,Antigua and Barbuda,2020-07-31,91,4588
51,Antigua and Barbuda,2021-01-31,127,23615
52,Antigua and Barbuda,2021-07-31,1085,193611
53,Antigua and Barbuda,2022-01-31,5255,650988
54,Antigua and Barbuda,2022-07-31,2215,1424805
55,Antigua and Barbuda,2023-01-31,325,608559
56,Argentina,2020-01-31,0,0
57,Argentina,2020-07-31,222178,6327409
58,Argentina,2021-01-31,1771374,207344337
59,Argentina,2021-07-31,3017693,598212271
60,Argentina,2022-01-31,3441715,1040158047
61,Argentina,2022-07-31,1107347,1650382504
62,Argentina,2023-01-31,151048,657240020
63,Armenia,2020-01-31,0,0
64,Armenia,2020-07-31,38550,1739309
65,Armenia,2021-01-31,128476,17889664
66,Armenia,2021-07-31,63084,37115352
67,Armenia,2022-01-31,137685,54912481
68,Armenia,2022-07-31,57570,76020151
69,Armenia,2023-01-31,18420,29607811
70,Aruba,2020-01-31,0,0
71,Aruba,2020-07-31,119,12391
72,Aruba,2021-01-31,6739,738183
73,Aruba,2021-07-31,4726,1785902
74,Aruba,2022-01-31,21134,3223091
75,Aruba,2022-07-31,9362,6565920
76,Aruba,2023-01-31,2065,2918980
77,Australia,2020-01-31,9,35
78,Australia,2020-07-31,16294,1001152
79,Australia,2021-01-31,12503,4930744
80,Australia,2021-07-31,5103,5419152
81,Australia,2022-01-31,2118262,59527773
82,Australia,2022-07-31,7174473,1033092227
83,Australia,2023-01-31,864668,678548427
84,Austria,2020-01-31,0,0
85,Austria,2020-07-31,20873,2088138
86,Austria,2021-01-31,387983,31638345
87,Austria,2021-07-31,243581,103375703
88,Austria,2022-01-31,1179941,178395120
89,Austria,2022-07-31,2937661,690303691
90,Austria,2023-01-31,440246,337278147
91,Azerbaijan,2020-01-31,0,0
92,Azerbaijan,2020-07-31,31221,1196731
93,Azerbaijan,2021-01-31,198714,18298425
94,Azerbaijan,2021-07-31,113281,53514678
95,Azerbaijan,2022-01-31,313068,96013118
96,Azerbaijan,2022-07-31,142120,141892166
97,Azerbaijan,2023-01-31,23533,55274670
98,Bahamas,2020-01-31,0,0
99,Bahamas,2020-07-31,484,13070
100,Bahamas,2021-01-31,7699,998466
101,Bahamas,2021-07-31,6494,1925270
102,Bahamas,2022-01-31,17835,4100710
103,Bahamas,2022-07-31,4204,6196294
104,Bahamas,2023-01-31,593,2520971
105,Bahrain,2020-01-31,0,0
106,Bahrain,2020-07-31,40755,1879499
107,Bahrain,2021-01-31,61871,13973181
108,Bahrain,2021-07-31,166454,34343176
109,Bahrain,2022-01-31,99687,51788921
110,Bahrain,2022-07-31,290457,102272901
111,Bahrain,2023-01-31,23246,45694383
112,Bangladesh,2020-01-31,0,0
113,Bangladesh,2020-07-31,237661,9688672
114,Bangladesh,2021-01-31,297478,75432286
115,Bangladesh,2021-07-31,714345,136697666
116,Bangladesh,2022-01-31,549349,285609328
117,Bangladesh,2022-07-31,206424,353368777
118,Bangladesh,2023-01-31,23758,136995636
119,Barbados,2020-01-31,0,0
120,Barbados,2020-07-31,110,10899
121,Barbados,2021-01-31,1388,64708
122,Barbados,2021-07-31,2867,652818
123,Barbados,2022-01-31,39116,3278016
124,Barbados,2022-07-31,48112,12624915
125,Barbados,2023-01-31,10987,6786055
126,Belarus,2020-01-31,0,0
127,Belarus,2020-07-31,67808,4635729
128,Belarus,2021-01-31,178762,22463609
129,Belarus,2021-07-31,198478,64290205
130,Belarus,2022-01-31,295940,109221956
131,Belarus,2022-07-31,253049,172415527
132,Belarus,2023-01-31,0,67594516
133,Belgium,2020-01-31,0,0
134,Belgium,2020-07-31,69590,6739302
135,Belgium,2021-01-31,639665,69196783
136,Belgium,2021-07-31,410049,172319596
137,Belgium,2022-01-31,2044945,298835315
138,Belgium,2022-07-31,1260583,718788978
139,Belgium,2023-01-31,141375,305640837
140,Belize,2020-01-31,0,0
141,Belize,2020-07-31,48,2751
142,Belize,2021-01-31,11829,906614
143,Belize,2021-07-31,2237,2304788
144,Belize,2022-01-31,36373,4821211
145,Belize,2022-07-31,16624,10695088
146,Belize,2023-01-31,1773,4637960
147,Benin,2020-01-31,0,0
148,Benin,2020-07-31,1805,69641
149,Benin,2021-01-31,1981,498348
150,Benin,2021-07-31,4608,1314757
151,Benin,2022-01-31,18104,4025507
152,Benin,2022-07-31,818,4851004
153,Benin,2023-01-31,466,1873528
154,Bermuda,2020-01-31,0,0
155,Bermuda,2020-07-31,156,14916
156,Bermuda,2021-01-31,535,56572
157,Bermuda,2021-07-31,1862,330203
158,Bermuda,2022-01-31,7999,986236
159,Bermuda,2022-07-31,6641,2490320
160,Bermuda,2023-01-31,1027,1211844
161,Bhutan,2020-01-31,0,0
162,Bhutan,2020-07-31,102,5411
163,Bhutan,2021-01-31,757,73089
164,Bhutan,2021-07-31,1656,249256
165,Bhutan,2022-01-31,2376,502057
166,Bhutan,2022-07-31,55639,7779731
167,Bhutan,2023-01-31,1565,4168819
168,Bolivia (Plurinational State of),2020-01-31,0,0
169,Bolivia (Plurinational State of),2020-07-31,73534,2316910
170,Bolivia (Plurinational State of),2021-01-31,139858,25658441
171,Bolivia (Plurinational State of),2021-07-31,258566,59756590
172,Bolivia (Plurinational State of),2022-01-31,378239,101085596
173,Bolivia (Plurinational State of),2022-07-31,181826,165065745
174,Bolivia (Plurinational State of),2023-01-31,76504,74336578
175,Bonaire,2020-01-31,0,0
176,Bonaire,2020-07-31,5,254
177,Bonaire,2021-01-31,357,22920
178,Bonaire,2021-07-31,1316,226549
179,Bonaire,2022-01-31,4648,501016
180,Bonaire,2022-07-31,2742,1438283
181,Bonaire,2023-01-31,372,632010
182,Bosnia and Herzegovina,2020-01-31,0,0
183,Bosnia and Herzegovina,2020-07-31,11444,433059
184,Bosnia and Herzegovina,2021-01-31,110447,11138087
185,Bosnia and Herzegovina,2021-07-31,83764,32440960
186,Bosnia and Herzegovina,2022-01-31,140996,47246918
187,Bosnia and Herzegovina,2022-07-31,39091,67889307
188,Bosnia and Herzegovina,2023-01-31,13054,26846922
189,Botswana,2020-01-31,0,0
190,Botswana,2020-07-31,804,18288
191,Botswana,2021-01-31,20819,1464390
192,Botswana,2021-07-31,93597,9546838
193,Botswana,2022-01-31,137816,34734374
194,Botswana,2022-07-31,72688,55222942
195,Botswana,2023-01-31,585,22170858
196,Brazil,2020-01-31,0,0
197,Brazil,2020-07-31,2552265,94536812
198,Brazil,2021-01-31,6566248,1039225507
199,Brazil,2021-07-31,10720856,2639541405
200,Brazil,2022-01-31,5375253,3996857916
201,Brazil,2022-07-31,8576076,5503178036
202,Brazil,2023-01-31,908319,2337805346
203,British Virgin Islands,2020-01-31,0,0
204,British Virgin Islands,2020-07-31,8,839
205,British Virgin Islands,2021-01-31,133,12957
206,British Virgin Islands,2021-07-31,2359,77742
207,British Virgin Islands,2022-01-31,3375,567797
208,British Virgin Islands,2022-07-31,1256,1170299
209,British Virgin Islands,2023-01-31,174,491422
210,Brunei Darussalam,2020-01-31,0,0
211,Brunei Darussalam,2020-07-31,141,18608
212,Brunei Darussalam,2021-01-31,39,27835
213,Brunei Darussalam,2021-07-31,156,41590
214,Brunei Darussalam,2022-01-31,16077,1880642
215,Brunei Darussalam,2022-07-31,189747,23272686
216,Brunei Darussalam,2023-01-31,23505,15181634
217,Bulgaria,2020-01-31,0,0
218,Bulgaria,2020-07-31,11420,444821
219,Bulgaria,2021-01-31,207198,16984182
220,Bulgaria,2021-07-31,206254,65250485
221,Bulgaria,2022-01-31,516942,112314274
222,Bulgaria,2022-07-31,264874,205847019
223,Bulgaria,2023-01-31,56942,84387351
224,Burkina Faso,2020-01-31,0,0
225,Burkina Faso,2020-07-31,1143,100417
226,Burkina Faso,2021-01-31,9539,662858
227,Burkina Faso,2021-07-31,2898,2337708
228,Burkina Faso,2022-01-31,7069,2895955
229,Burkina Faso,2022-07-31,479,3783643
230,Burkina Faso,2023-01-31,503,1451756
231,Burundi,2020-01-31,0,0
232,Burundi,2020-07-31,387,13233
233,Burundi,2021-01-31,1248,123080
234,Burundi,2021-07-31,5737,711587
235,Burundi,2022-01-31,30060,3832361
236,Burundi,2022-07-31,8719,7330836
237,Burundi,2023-01-31,4074,3341749
238,Cabo Verde,2020-01-31,0,0
239,Cabo Verde,2020-07-31,2419,90074
240,Cabo Verde,2021-01-31,11562,1516415
241,Cabo Verde,2021-07-31,19782,4342186
242,Cabo Verde,2022-01-31,21914,7295002
243,Cabo Verde,2022-07-31,6482,10366837
244,Cabo Verde,2023-01-31,225,4237002
245,Cambodia,2020-01-31,1,4
246,Cambodia,2020-07-31,233,17790
247,Cambodia,2021-01-31,231,58379
248,Cambodia,2021-07-31,76120,4111326
249,Cambodia,2022-01-31,44714,20342235
250,Cambodia,2022-07-31,15454,24254634
251,Cambodia,2023-01-31,1153,9352033
252,Cameroon,2020-01-31,0,0
253,Cameroon,2020-07-31,17255,925720
254,Cameroon,2021-01-31,13058,4198512
255,Cameroon,2021-07-31,51751,11527607
256,Cameroon,2022-01-31,35612,18377100
257,Cameroon,2022-07-31,2848,21676764
258,Cameroon,2023-01-31,1128,8264157
259,Canada,2020-01-31,3,12
260,Canada,2020-07-31,115389,9429691
261,Canada,2021-01-31,655401,58285615
262,Canada,2021-07-31,658783,210505538
263,Canada,2022-01-31,1601968,336987974
264,Canada,2022-07-31,1024491,660882690
265,Canada,2023-01-31,195576,283244562
266,Cayman Islands,2020-01-31,0,0
267,Cayman Islands,2020-07-31,203,16327
268,Cayman Islands,2021-01-31,187,47910
269,Cayman Islands,2021-07-31,252,96329
270,Cayman Islands,2022-01-31,13146,816812
271,Cayman Islands,2022-07-31,15321,4144444
272,Cayman Islands,2023-01-31,1700,2049671
273,Central African Republic,2020-01-31,0,0
274,Central African Republic,2020-07-31,5374,249177
275,Central African Republic,2021-01-31,490,1047076
276,Central African Republic,2021-07-31,5305,1591803
277,Central African Republic,2022-01-31,2941,2188719
278,Central African Republic,2022-07-31,671,2610589
279,Central African Republic,2023-01-31,175,1012230
280,Chad,2020-01-31,0,0
281,Chad,2020-07-31,935,67516
282,Chad,2021-01-31,2412,294409
283,Chad,2021-07-31,1626,829383
284,Chad,2022-01-31,2182,997207
285,Chad,2022-07-31,277,1331143
286,Chad,2023-01-31,149,511098
287,Chile,2020-01-31,0,0
288,Chile,2020-07-31,353536,17216235
289,Chile,2021-01-31,369364,94389421
290,Chile,2021-07-31,891729,215895964
291,Chile,2022-01-31,523114,317712287
292,Chile,2022-07-31,2095806,636266328
293,Chile,2023-01-31,408484,305324480
294,China,2020-01-31,9720,36851
295,China,2020-07-31,78236,14457411
296,China,2021-01-31,12921,17117995
297,China,2021-07-31,19758,19572434
298,China,2022-01-31,18357,23414075
299,China,2022-07-31,5477128,395089574
300,China,2023-01-31,2326534,450920394
301,Colombia,2020-01-31,0,0
302,Colombia,2020-07-31,276055,7445032
303,Colombia,2021-01-31,1801578,202091632
304,Colombia,2021-07-31,2689196,559859011
305,Colombia,2022-01-31,1089029,931755412
306,Colombia,2022-07-31,409940,1104294295
307,Colombia,2023-01-31,41574,428122079
308,Comoros,2020-01-31,0,0
309,Comoros,2020-07-31,312,12541
310,Comoros,2021-01-31,2336,117135
311,Comoros,2021-07-31,1380,674814
312,Comoros,2022-01-31,3804,898873
313,Comoros,2022-07-31,497,1468064
314,Comoros,2023-01-31,142,573713
315,Congo,2020-01-31,0,0
316,Congo,2020-07-31,3387,117456
317,Congo,2021-01-31,4673,1019039
318,Congo,2021-07-31,5156,1964475
319,Congo,2022-01-31,10576,3200441
320,Congo,2022-07-31,983,4365755
321,Congo,2023-01-31,0,1684700
322,Cook Islands,2020-01-31,0,0
323,Cook Islands,2020-07-31,0,0
324,Cook Islands,2021-01-31,0,0
325,Cook Islands,2021-07-31,0,0
326,Cook Islands,2022-01-31,0,0
327,Cook Islands,2022-07-31,6042,648863
328,Cook Islands,2023-01-31,347,428402
329,Costa Rica,2020-01-31,0,0
330,Costa Rica,2020-07-31,16800,380412
331,Costa Rica,2021-01-31,176476,19469120
332,Costa Rica,2021-07-31,211930,49920422
333,Costa Rica,2022-01-31,283295,98870968
334,Costa Rica,2022-07-31,355884,158210520
335,Costa Rica,2023-01-31,78616,74202175
336,Croatia,2020-01-31,0,0
337,Croatia,2020-07-31,5071,314206
338,Croatia,2021-01-31,227019,16296516
339,Croatia,2021-07-31,131307,56232835
340,Croatia,2022-01-31,572325,98118206
341,Croatia,2022-07-31,250077,200423647
342,Croatia,2023-01-31,50520,82530551
343,Cuba,2020-01-31,0,0
344,Cuba,2020-07-31,2597,224051
345,Cuba,2021-01-31,23077,1503806
346,Cuba,2021-07-31,350047,22694549
347,Cuba,2022-01-31,664121,157275938
348,Cuba,2022-07-31,68143,197761245
349,Cuba,2023-01-31,3239,75498922
350,Curaçao,2020-01-31,0,0
351,Curaçao,2020-07-31,29,2499
352,Curaçao,2021-01-31,4545,313317
353,Curaçao,2021-07-31,8919,1767736
354,Curaçao,2022-01-31,23229,3459285
355,Curaçao,2022-07-31,8341,7572999
356,Curaçao,2023-01-31,327,3078670
357,Cyprus,2020-01-31,0,0
358,Cyprus,2020-07-31,1084,110384
359,Cyprus,2021-01-31,30144,1755075
360,Cyprus,2021-07-31,71699,11083743
361,Cyprus,2022-01-31,147660,25627483
362,Cyprus,2022-07-31,312324,79879404
363,Cyprus,2023-01-31,27872,39273199
364,Czechia,2020-01-31,0,0
365,Czechia,2020-07-31,16393,1202452
366,Czechia,2021-01-31,971113,66255923
367,Czechia,2021-07-31,691410,275906168
368,Czechia,2022-01-31,1338055,369951659
369,Czechia,2022-07-31,968441,687844262
370,Czechia,2023-01-31,138065,275411339
371,Côte d’Ivoire,2020-01-31,0,0
372,Côte d’Ivoire,2020-07-31,15978,660979
373,Côte d’Ivoire,2021-01-31,12200,3802218
374,Côte d’Ivoire,2021-07-31,21826,7797406
375,Côte d’Ivoire,2022-01-31,30691,11463464
376,Côte d’Ivoire,2022-07-31,4611,14894643
377,Côte d’Ivoire,2023-01-31,2010,5889775
378,Democratic People's Republic of Korea,2020-01-31,0,0
379,Democratic People's Republic of Korea,2020-07-31,0,0
380,Democratic People's Republic of Korea,2021-01-31,0,0
381,Democratic People's Republic of Korea,2021-07-31,0,0
382,Democratic People's Republic of Korea,2022-01-31,0,0
383,Democratic People's Republic of Korea,2022-07-31,0,0
384,Democratic People's Republic of Korea,2023-01-31,0,0
385,Democratic Republic of the Congo,2020-01-31,0,0
386,Democratic Republic of the Congo,2020-07-31,9069,463457
387,Democratic Republic of the Congo,2021-01-31,13701,2407249
388,Democratic Republic of the Congo,2021-07-31,27146,5839765
389,Democratic Republic of the Congo,2022-01-31,35612,11521221
390,Democratic Republic of the Congo,2022-07-31,6902,15997621
391,Democratic Republic of the Congo,2023-01-31,462,6305275
392,Denmark,2020-01-31,0,0
393,Denmark,2020-07-31,13661,1332265
394,Denmark,2021-01-31,184585,13735030
395,Denmark,2021-07-31,117325,46021658
396,Denmark,2022-01-31,1397914,100581352
397,Denmark,2022-07-31,1516181,539453545
398,Denmark,2023-01-31,77520,222525853
399,Djibouti,2020-01-31,0,0
400,Djibouti,2020-07-31,5081,351576
401,Djibouti,2021-01-31,850,1026642
402,Djibouti,2021-07-31,5720,1728459
403,Djibouti,2022-01-31,3800,2413959
404,Djibouti,2022-07-31,239,2827483
405,Djibouti,2023-01-31,0,1066920
406,Dominica,2020-01-31,0,0
407,Dominica,2020-07-31,18,2080
408,Dominica,2021-01-31,99,10444
409,Dominica,2021-07-31,93,30916
410,Dominica,2022-01-31,8822,828447
411,Dominica,2022-07-31,5820,2313591
412,Dominica,2023-01-31,908,1018004
413,Dominican Republic,2020-01-31,0,0
414,Dominican Republic,2020-07-31,67915,2692749
415,Dominican Republic,2021-01-31,144638,24197952
416,Dominican Republic,2021-07-31,128957,50080847
417,Dominican Republic,2022-01-31,212542,72632805
418,Dominican Republic,2022-07-31,74673,106173493
419,Dominican Republic,2023-01-31,17484,43493554
420,Ecuador,2020-01-31,0,0
421,Ecuador,2020-07-31,84370,4927996
422,Ecuador,2021-01-31,165409,30183274
423,Ecuador,2021-07-31,236765,67964552
424,Ecuador,2022-01-31,239392,97764360
425,Ecuador,2022-07-31,237732,157089152
426,Ecuador,2023-01-31,42209,67546770
427,Egypt,2020-01-31,0,0
428,Egypt,2020-07-31,93757,4423140
429,Egypt,2021-01-31,71661,21212949
430,Egypt,2021-07-31,118797,41773518
431,Egypt,2022-01-31,139473,61815738
432,Egypt,2022-07-31,90971,90749032
433,Egypt,2023-01-31,722,35037011
434,El Salvador,2020-01-31,0,0
435,El Salvador,2020-07-31,16230,500535
436,El Salvador,2021-01-31,37759,6409479
437,El Salvador,2021-07-31,32631,12569877
438,El Salvador,2022-01-31,47535,20283123
439,El Salvador,2022-07-31,56663,29245580
440,El Salvador,2023-01-31,10967,13392370
441,Equatorial Guinea,2020-01-31,0,0
442,Equatorial Guinea,2020-07-31,4821,247614
443,Equatorial Guinea,2021-01-31,713,938748
444,Equatorial Guinea,2021-07-31,3377,1366102
445,Equatorial Guinea,2022-01-31,6891,2301740
446,Equatorial Guinea,2022-07-31,939,2897498
447,Equatorial Guinea,2023-01-31,187,1146290
448,Eritrea,2020-01-31,0,0
449,Eritrea,2020-07-31,279,12602
450,Eritrea,2021-01-31,1856,126050
451,Eritrea,2021-07-31,4410,735442
452,Eritrea,2022-01-31,2980,1337434
453,Eritrea,2022-07-31,507,1765160
454,Eritrea,2023-01-31,138,690060
455,Estonia,2020-01-31,0,0
456,Estonia,2020-07-31,2070,224742
457,Estonia,2021-01-31,42195,2262805
458,Estonia,2021-07-31,89484,19647094
459,Estonia,2022-01-31,204927,36182873
460,Estonia,2022-07-31,252235,99178177
461,Estonia,2023-01-31,12436,40680401
462,Eswatini,2020-01-31,0,0
463,Eswatini,2020-07-31,2577,70747
464,Eswatini,2021-01-31,13089,1240009
465,Eswatini,2021-07-31,9849,3325851
466,Eswatini,2022-01-31,42827,9114810
467,Eswatini,2022-07-31,4937,12860429
468,Eswatini,2023-01-31,131,4988254
469,Ethiopia,2020-01-31,0,0
470,Ethiopia,2020-07-31,16615,413470
471,Ethiopia,2021-01-31,120406,16341850
472,Ethiopia,2021-07-31,143003,41742234
473,Ethiopia,2022-01-31,184906,66730884
474,Ethiopia,2022-07-31,27264,85983411
475,Ethiopia,2023-01-31,1394,33532678
476,Falkland Islands (Malvinas),2020-01-31,0,0
477,Falkland Islands (Malvinas),2020-07-31,13,1422
478,Falkland Islands (Malvinas),2021-01-31,27,3319
479,Falkland Islands (Malvinas),2021-07-31,20,10161
480,Falkland Islands (Malvinas),2022-01-31,29,13492
481,Falkland Islands (Malvinas),2022-07-31,1750,149261
482,Falkland Islands (Malvinas),2023-01-31,91,128145
483,Faroe Islands,2020-01-31,0,0
484,Faroe Islands,2020-07-31,225,24645
485,Faroe Islands,2021-01-31,432,90391
486,Faroe Islands,2021-07-31,328,130392
487,Faroe Islands,2022-01-31,18123,675732
488,Faroe Islands,2022-07-31,15550,6095671
489,Faroe Islands,2023-01-31,0,2356744
490,Fiji,2020-01-31,0,0
491,Fiji,2020-07-31,27,2340
492,Fiji,2021-01-31,28,6907
493,Fiji,2021-07-31,28605,525540
494,Fiji,2022-01-31,33735,9342654
495,Fiji,2022-07-31,5154,11732594
496,Fiji,2023-01-31,696,4630185
497,Finland,2020-01-31,3,54
498,Finland,2020-07-31,7467,768960
499,Finland,2021-01-31,38315,3796313
500,Finland,2021-07-31,61918,14857825
501,Finland,2022-01-31,402207,36737690
502,Finland,2022-07-31,709916,175892806
503,Finland,2023-01-31,92808,86466101
504,France,2020-01-31,6,30
505,France,2020-07-31,179988,17423807
506,France,2021-01-31,2934548,270804025
507,France,2021-07-31,2856954,878184114
508,France,2022-01-31,12580444,1502593467
509,France,2022-07-31,14293466,4831713304
510,France,2023-01-31,1819638,2285961254
511,French Guiana,2020-01-31,0,0
512,French Guiana,2020-07-31,7728,249202
513,French Guiana,2021-01-31,8355,2020513
514,French Guiana,2021-07-31,14081,3852510
515,French Guiana,2022-01-31,45078,8275724
516,French Guiana,2022-07-31,17333,14854848
517,French Guiana,2023-01-31,1399,6362440
518,French Polynesia,2020-01-31,0,0
519,French Polynesia,2020-07-31,62,7472
520,French Polynesia,2021-01-31,17998,1543905
521,French Polynesia,2021-07-31,1988,3392519
522,French Polynesia,2022-01-31,28218,7929452
523,French Polynesia,2022-07-31,27174,12711764
524,French Polynesia,2023-01-31,1263,5194730
525,Gabon,2020-01-31,0,0
526,Gabon,2020-07-31,7352,352616
527,Gabon,2021-01-31,3396,1657468
528,Gabon,2021-07-31,14636,3774356
529,Gabon,2022-01-31,21338,6329494
530,Gabon,2022-07-31,1789,8633382
531,Gabon,2023-01-31,202,3308419
532,Gambia,2020-01-31,0,0
533,Gambia,2020-07-31,484,6633
534,Gambia,2021-01-31,3606,624229
535,Gambia,2021-07-31,3872,1030800
536,Gambia,2022-01-31,3901,1853708
537,Gambia,2022-07-31,286,2170401
538,Gambia,2023-01-31,293,840902
539,Georgia,2020-01-31,0,0
540,Georgia,2020-07-31,1168,89674
541,Georgia,2021-01-31,256943,16773603
542,Georgia,2021-07-31,161423,57687894
543,Georgia,2022-01-31,756389,136079626
544,Georgia,2022-07-31,510295,293732036
545,Georgia,2023-01-31,94473,118646918
546,Germany,2020-01-31,6,46
547,Germany,2020-07-31,209233,21687306
548,Germany,2021-01-31,2008161,156284413
549,Germany,2021-07-31,1552946,577187880
550,Germany,2022-01-31,6187010,993852650
551,Germany,2022-07-31,20957010,4147122327
552,Germany,2023-01-31,2912001,2195300973
553,Ghana,2020-01-31,0,0
554,Ghana,2020-07-31,37014,1414430
555,Ghana,2021-01-31,30768,9165308
556,Ghana,2021-07-31,35237,16488097
557,Ghana,2022-01-31,54201,24127916
558,Ghana,2022-07-31,10907,29360533
559,Ghana,2023-01-31,1558,11474844
560,Gibraltar,2020-01-31,0,0
561,Gibraltar,2020-07-31,178,18438
562,Gibraltar,2021-01-31,3910,197949
563,Gibraltar,2021-07-31,834,780754
564,Gibraltar,2022-01-31,7926,1270129
565,Gibraltar,2022-07-31,7054,3161812
566,Gibraltar,2023-01-31,193,1362940
567,Greece,2020-01-31,0,0
568,Greece,2020-07-31,4401,375777
569,Greece,2021-01-31,152072,12030812
570,Greece,2021-07-31,334079,58940774
571,Greece,2022-01-31,1444455,164122171
572,Greece,2022-07-31,2420017,593178317
573,Greece,2023-01-31,620043,323281821
574,Greenland,2020-01-31,0,0
575,Greenland,2020-07-31,14,1541
576,Greenland,2021-01-31,16,3415
577,Greenland,2021-07-31,88,7360
578,Greenland,2022-01-31,10544,347164
579,Greenland,2022-07-31,1309,2148184
580,Greenland,2023-01-31,0,814028
581,Grenada,2020-01-31,0,0
582,Grenada,2020-07-31,24,2512
583,Grenada,2021-01-31,124,9963
584,Grenada,2021-07-31,20,28500
585,Grenada,2022-01-31,12143,913587
586,Grenada,2022-07-31,6475,2850024
587,Grenada,2023-01-31,750,1309184
588,Guadeloupe,2020-01-31,0,0
589,Guadeloupe,2020-07-31,244,21108
590,Guadeloupe,2021-01-31,8912,1096888
591,Guadeloupe,2021-07-31,10250,2534259
592,Guadeloupe,2022-01-31,93262,9833295
593,Guadeloupe,2022-07-31,73712,26904858
594,Guadeloupe,2023-01-31,6421,12995539
595,Guam,2020-01-31,0,0
596,Guam,2020-07-31,348,24167
597,Guam,2021-01-31,7031,801027
598,Guam,2021-07-31,892,1410376
599,Guam,2022-01-31,17346,2564013
600,Guam,2022-07-31,20564,7252637
601,Guam,2023-01-31,2734,3271263
602,Guatemala,2020-01-31,0,0
603,Guatemala,2020-07-31,48826,1378354
604,Guatemala,2021-01-31,110292,19527888
605,Guatemala,2021-07-31,203016,42449264
606,Guatemala,2022-01-31,326192,104214547
607,Guatemala,2022-07-31,349425,153324093
608,Guatemala,2023-01-31,90191,74467540
609,Guernsey,2020-01-31,0,0
610,Guernsey,2020-07-31,252,29681
611,Guernsey,2021-01-31,241,51082
612,Guernsey,2021-07-31,455,148880
613,Guernsey,2022-01-31,10245,704152
614,Guernsey,2022-07-31,18731,4060850
615,Guernsey,2023-01-31,1621,2091964
616,Guinea,2020-01-31,0,0
617,Guinea,2020-07-31,7242,426777
618,Guinea,2021-01-31,7290,2144814
619,Guinea,2021-07-31,11269,3787033
620,Guinea,2022-01-31,10212,5688844
621,Guinea,2022-07-31,1416,6648907
622,Guinea,2023-01-31,521,2563079
623,Guinea-Bissau,2020-01-31,0,0
624,Guinea-Bissau,2020-07-31,1981,129994
625,Guinea-Bissau,2021-01-31,654,433761
626,Guinea-Bissau,2021-07-31,1844,657430
627,Guinea-Bissau,2022-01-31,3107,1139165
628,Guinea-Bissau,2022-07-31,854,1481604
629,Guinea-Bissau,2023-01-31,356,589189
630,Guyana,2020-01-31,0,0
631,Guyana,2020-07-31,398,19899
632,Guyana,2021-01-31,7130,727138
633,Guyana,2021-07-31,14844,2530587
634,Guyana,2022-01-31,37078,6456999
635,Guyana,2022-07-31,10295,11677959
636,Guyana,2023-01-31,1611,4819660
637,Haiti,2020-01-31,0,0
638,Haiti,2020-07-31,7378,349670
639,Haiti,2021-01-31,4294,1677178
640,Haiti,2021-07-31,8654,2677875
641,Haiti,2022-01-31,9151,4415237
642,Haiti,2022-07-31,2928,5590208
643,Haiti,2023-01-31,1297,2269224
644,Holy See,2020-01-31,0,0
645,Holy See,2020-07-31,12,1387
646,Holy See,2021-01-31,14,3741
647,Holy See,2021-07-31,0,4706
648,Holy See,2022-01-31,0,4784
649,Holy See,2022-07-31,0,4706
650,Holy See,2023-01-31,0,1768
651,Honduras,2020-01-31,0,0
652,Honduras,2020-07-31,40944,1311388
653,Honduras,2021-01-31,105166,16968869
654,Honduras,2021-07-31,148451,38930513
655,Honduras,2022-01-31,97313,66894138
656,Honduras,2022-07-31,48027,76227478
657,Honduras,2023-01-31,16763,30749370
658,Hungary,2020-01-31,0,0
659,Hungary,2020-07-31,4505,413611
660,Hungary,2021-01-31,363081,25932001
661,Hungary,2021-07-31,441905,123435227
662,Hungary,2022-01-31,743914,184209389
663,Hungary,2022-07-31,412076,337631989
664,Hungary,2023-01-31,142426,139093092
665,Iceland,2020-01-31,0,0
666,Iceland,2020-07-31,1875,226887
667,Iceland,2021-01-31,4139,759948
668,Iceland,2021-07-31,1809,1163956
669,Iceland,2022-01-31,58753,3578164
670,Iceland,2022-07-31,135639,30808342
671,Iceland,2023-01-31,3608,13910282
672,India,2020-01-31,5,6
673,India,2020-07-31,1638865,45647697
674,India,2021-01-31,9107313,1354847020
675,India,2021-07-31,20867810,3700901040
676,India,2022-01-31,9688447,6325080302
677,India,2022-07-31,2717371,7805527194
678,India,2023-01-31,586649,3019817700
679,Indonesia,2020-01-31,0,0
680,Indonesia,2020-07-31,108376,4479040
681,Indonesia,2021-01-31,969938,83998689
682,Indonesia,2021-07-31,2331344,325186387
683,Indonesia,2022-01-31,943712,767491574
684,Indonesia,2022-07-31,1853728,1061189303
685,Indonesia,2023-01-31,235526,432077428
686,Iran (Islamic Republic of),2020-01-31,0,0
687,Iran (Islamic Republic of),2020-07-31,301530,20289475
688,Iran (Islamic Republic of),2021-01-31,1110201,137296230
689,Iran (Islamic Republic of),2021-07-31,2439431,445655093
690,Iran (Islamic Republic of),2022-01-31,2493017,1040723510
691,Iran (Islamic Republic of),2022-07-31,1037120,1293278214
692,Iran (Islamic Republic of),2023-01-31,169392,510758063
693,Iraq,2020-01-31,0,0
694,Iraq,2020-07-31,121263,3449116
695,Iraq,2021-01-31,497659,79388961
696,Iraq,2021-07-31,997462,189156691
697,Iraq,2022-01-31,586981,369182206
698,Iraq,2022-07-31,240407,421426158
699,Iraq,2023-01-31,16898,167024200
700,Ireland,2020-01-31,0,0
701,Ireland,2020-07-31,26027,2652546
702,Ireland,2021-01-31,170354,12671613
703,Ireland,2021-07-31,104246,45059179
704,Ireland,2022-01-31,883045,102019939
705,Ireland,2022-07-31,462693,269158208
706,Ireland,2023-01-31,19683,112702696
707,Isle of Man,2020-01-31,0,0
708,Isle of Man,2020-07-31,338,37874
709,Isle of Man,2021-01-31,96,66853
710,Isle of Man,2021-07-31,4198,271666
711,Isle of Man,2022-01-31,16764,1973423
712,Isle of Man,2022-07-31,16300,5498805
713,Isle of Man,2023-01-31,312,2579426
714,Israel,2020-01-31,0,0
715,Israel,2020-07-31,70282,2905235
716,Israel,2021-01-31,570176,54780332
717,Israel,2021-07-31,232944,148246314
718,Israel,2022-01-31,1983738,248626268
719,Israel,2022-07-31,1722518,724870709
720,Israel,2023-01-31,87421,315126829
721,Italy,2020-01-31,3,7
722,Italy,2020-07-31,247155,27485479
723,Italy,2021-01-31,2294625,194179460
724,Italy,2021-07-31,1801736,679464261
725,Italy,2022-01-31,6581966,997720335
726,Italy,2022-07-31,10077288,2901462383
727,Italy,2023-01-31,1690139,1487800653
728,Jamaica,2020-01-31,0,0
729,Jamaica,2020-07-31,856,63227
730,Jamaica,2021-01-31,14671,1507640
731,Jamaica,2021-07-31,37157,7313943
732,Jamaica,2022-01-31,71418,15770194
733,Jamaica,2022-07-31,22139,24220935
734,Jamaica,2023-01-31,5690,10181871
735,Japan,2020-01-31,12,51
736,Japan,2020-07-31,34360,2051841
737,Japan,2021-01-31,352370,25847110
738,Japan,2021-07-31,527013,111377812
739,Japan,2022-01-31,1755883,305007348
740,Japan,2022-07-31,9883372,1360653457
741,Japan,2023-01-31,8907285,1249564670
742,Jersey,2020-01-31,0,0
743,Jersey,2020-07-31,319,33997
744,Jersey,2021-01-31,2819,211455
745,Jersey,2021-07-31,5159,666588
746,Jersey,2022-01-31,22480,2565763
747,Jersey,2022-07-31,27344,8611747
748,Jersey,2023-01-31,2525,4029928
749,Jordan,2020-01-31,0,0
750,Jordan,2020-07-31,1259,94207
751,Jordan,2021-01-31,324415,23367241
752,Jordan,2021-07-31,444476,113510177
753,Jordan,2022-01-31,438933,167614201
754,Jordan,2022-07-31,500796,299789163
755,Jordan,2023-01-31,37118,117955894
756,Kazakhstan,2020-01-31,0,0
757,Kazakhstan,2020-07-31,89078,2780281
758,Kazakhstan,2021-01-31,145491,29578180
759,Kazakhstan,2021-07-31,398900,68993109
760,Kazakhstan,2022-01-31,686345,181909587
761,Kazakhstan,2022-07-31,119910,252226781
762,Kazakhstan,2023-01-31,44249,100281095
763,Kenya,2020-01-31,0,0
764,Kenya,2020-07-31,19913,522139
765,Kenya,2021-01-31,80762,11327636
766,Kenya,2021-07-31,101279,27286336
767,Kenya,2022-01-31,119381,47508827
768,Kenya,2022-07-31,16264,59072340
769,Kenya,2023-01-31,864,22994988
770,Kiribati,2020-01-31,0,0
771,Kiribati,2020-07-31,0,0
772,Kiribati,2021-01-31,0,0
773,Kiribati,2021-07-31,0,0
774,Kiribati,2022-01-31,364,1418
775,Kiribati,2022-07-31,3066,541124
776,Kiribati,2023-01-31,0,233240
777,Kosovo[1],2020-01-31,0,0
778,Kosovo[1],2020-07-31,8061,255268
779,Kosovo[1],2021-01-31,51830,5323465
780,Kosovo[1],2021-07-31,48339,17075019
781,Kosovo[1],2022-01-31,96072,28552612
782,Kosovo[1],2022-07-31,48967,41331243
783,Kosovo[1],2023-01-31,18774,18288346
784,Kuwait,2020-01-31,0,0
785,Kuwait,2020-07-31,66529,3318385
786,Kuwait,2021-01-31,98093,22238775
787,Kuwait,2021-07-31,232476,49796622
788,Kuwait,2022-01-31,142556,77337349
789,Kuwait,2022-07-31,115017,113883011
790,Kuwait,2023-01-31,3849,44700420
791,Kyrgyzstan,2020-01-31,0,0
792,Kyrgyzstan,2020-07-31,35805,851233
793,Kyrgyzstan,2021-01-31,48724,11208506
794,Kyrgyzstan,2021-07-31,78363,18854181
795,Kyrgyzstan,2022-01-31,35424,33298584
796,Kyrgyzstan,2022-07-31,4369,36362588
797,Kyrgyzstan,2023-01-31,3475,13971938
798,Lao People's Democratic Republic,2020-01-31,0,0
799,Lao People's Democratic Republic,2020-07-31,20,2283
800,Lao People's Democratic Republic,2021-01-31,24,5437
801,Lao People's Democratic Republic,2021-07-31,5875,216067
802,Lao People's Democratic Republic,2022-01-31,127605,10195825
803,Lao People's Democratic Republic,2022-07-31,77668,33815207
804,Lao People's Democratic Republic,2023-01-31,4760,14554308
805,Latvia,2020-01-31,0,0
806,Latvia,2020-07-31,1231,123294
807,Latvia,2021-01-31,65010,3074194
808,Latvia,2021-07-31,72622,20697686
809,Latvia,2022-01-31,253901,39774487
810,Latvia,2022-07-31,471287,139264081
811,Latvia,2023-01-31,73111,61352352
812,Lebanon,2020-01-31,0,0
813,Lebanon,2020-07-31,4334,179649
814,Lebanon,2021-01-31,294579,18164710
815,Lebanon,2021-07-31,261483,87432610
816,Lebanon,2022-01-31,354533,122470585
817,Lebanon,2022-07-31,257340,197123816
818,Lebanon,2023-01-31,44112,81966809
819,Lesotho,2020-01-31,0,0
820,Lesotho,2020-07-31,604,8923
821,Lesotho,2021-01-31,8045,441704
822,Lesotho,2021-07-31,4259,1968752
823,Lesotho,2022-01-31,19342,4058013
824,Lesotho,2022-07-31,1984,6024562
825,Lesotho,2023-01-31,256,2339025
826,Liberia,2020-01-31,0,0
827,Liberia,2020-07-31,1183,57074
828,Liberia,2021-01-31,771,283654
829,Liberia,2021-07-31,3604,499255
830,Liberia,2022-01-31,1715,1109209
831,Liberia,2022-07-31,275,1346208
832,Liberia,2023-01-31,426,534718
833,Libya,2020-01-31,0,0
834,Libya,2020-07-31,3438,71902
835,Libya,2021-01-31,114212,10833659
836,Libya,2021-07-31,131464,31143780
837,Libya,2022-01-31,176123,64444478
838,Libya,2022-07-31,79512,89866046
839,Libya,2023-01-31,2260,34447044
840,Liechtenstein,2020-01-31,0,0
841,Liechtenstein,2020-07-31,89,10936
842,Liechtenstein,2021-01-31,2478,173707
843,Liechtenstein,2021-07-31,622,530234
844,Liechtenstein,2022-01-31,5948,850633
845,Liechtenstein,2022-07-31,9567,2896076
846,Liechtenstein,2023-01-31,1228,1308726
847,Lithuania,2020-01-31,0,0
848,Lithuania,2020-07-31,2015,183422
849,Lithuania,2021-01-31,182432,10004390
850,Lithuania,2021-07-31,98750,43949134
851,Lithuania,2022-01-31,421960,77122712
852,Lithuania,2022-07-31,478443,197478555
853,Lithuania,2023-01-31,72403,83055671
854,Luxembourg,2020-01-31,0,0
855,Luxembourg,2020-07-31,5410,423288
856,Luxembourg,2021-01-31,45036,4344541
857,Luxembourg,2021-07-31,23424,11702748
858,Luxembourg,2022-01-31,83982,16539945
859,Luxembourg,2022-07-31,124918,41526504
860,Luxembourg,2023-01-31,11638,19555298
861,Madagascar,2020-01-31,0,0
862,Madagascar,2020-07-31,10748,238826
863,Madagascar,2021-01-31,8317,3036439
864,Madagascar,2021-07-31,23668,5956244
865,Madagascar,2022-01-31,16586,8459925
866,Madagascar,2022-07-31,7172,11632607
867,Madagascar,2023-01-31,193,4530418
868,Malawi,2020-01-31,0,0
869,Malawi,2020-07-31,3981,102819
870,Malawi,2021-01-31,19516,1274329
871,Malawi,2021-07-31,28312,6255039
872,Malawi,2022-01-31,32611,11924093
873,Malawi,2022-07-31,2945,15543662
874,Malawi,2023-01-31,665,5972964
875,Malaysia,2020-01-31,8,31
876,Malaysia,2020-07-31,8956,903701
877,Malaysia,2021-01-31,200697,10081562
878,Malaysia,2021-07-31,885825,90773712
879,Malaysia,2022-01-31,1770498,424632922
880,Malaysia,2022-07-31,1811286,754270620
881,Malaysia,2023-01-31,172838,325058569
882,Maldives,2020-01-31,0,0
883,Maldives,2020-07-31,3793,187710
884,Maldives,2021-01-31,12048,2042422
885,Maldives,2021-07-31,61591,7862077
886,Maldives,2022-01-31,61448,16613943
887,Maldives,2022-07-31,45605,31907074
888,Maldives,2023-01-31,597,12570019
889,Mali,2020-01-31,0,0
890,Mali,2020-07-31,2407,156106
891,Mali,2021-01-31,5662,811133
892,Mali,2021-07-31,6505,2195906
893,Mali,2022-01-31,15471,3313537
894,Mali,2022-07-31,1177,5570960
895,Mali,2023-01-31,1467,2164712
896,Malta,2020-01-31,0,0
897,Malta,2020-07-31,824,70567
898,Malta,2021-01-31,17184,1343843
899,Malta,2021-07-31,16392,5154783
900,Malta,2022-01-31,33314,7794735
901,Malta,2022-07-31,45114,16115368
902,Malta,2023-01-31,1994,7755148
903,Marshall Islands,2020-01-31,0,0
904,Marshall Islands,2020-07-31,0,0
905,Marshall Islands,2021-01-31,4,320
906,Marshall Islands,2021-07-31,0,724
907,Marshall Islands,2022-01-31,3,748
908,Marshall Islands,2022-07-31,57,3258
909,Marshall Islands,2023-01-31,15241,749440
910,Martinique,2020-01-31,0,0
911,Martinique,2020-07-31,269,25802
912,Martinique,2021-01-31,6101,621028
913,Martinique,2021-07-31,15383,1847409
914,Martinique,2022-01-31,65881,8252152
915,Martinique,2022-07-31,123938,28233177
916,Martinique,2023-01-31,10046,14728418
917,Mauritania,2020-01-31,0,0
918,Mauritania,2020-07-31,6295,237796
919,Mauritania,2021-01-31,10313,1761494
920,Mauritania,2021-07-31,8815,3444712
921,Mauritania,2022-01-31,32775,7113535
922,Mauritania,2022-07-31,4342,10729095
923,Mauritania,2023-01-31,286,4266848
924,Mauritius,2020-01-31,0,0
925,Mauritius,2020-07-31,344,40471
926,Mauritius,2021-01-31,224,81731
927,Mauritius,2021-07-31,3646,250672
928,Mauritius,2022-01-31,101721,9343417
929,Mauritius,2022-07-31,142392,37660459
930,Mauritius,2023-01-31,14321,17562660
931,Mayotte,2020-01-31,0,0
932,Mayotte,2020-07-31,2962,198881
933,Mayotte,2021-01-31,5269,854483
934,Mayotte,2021-07-31,11263,3338828
935,Mayotte,2022-01-31,16788,4102475
936,Mayotte,2022-07-31,2677,6755955
937,Mayotte,2023-01-31,1318,2716596
938,Mexico,2020-01-31,0,0
939,Mexico,2020-07-31,482095,20029942
940,Mexico,2021-01-31,1454656,194358879
941,Mexico,2021-07-31,967761,428372439
942,Mexico,2022-01-31,2458446,708524770
943,Mexico,2022-07-31,1497235,1064394876
944,Mexico,2023-01-31,230772,478459545
945,Micronesia (Federated States of),2020-01-31,0,0
946,Micronesia (Federated States of),2020-07-31,0,0
947,Micronesia (Federated States of),2021-01-31,0,0
948,Micronesia (Federated States of),2021-07-31,0,0
949,Micronesia (Federated States of),2022-01-31,0,0
950,Micronesia (Federated States of),2022-07-31,5258,23197
951,Micronesia (Federated States of),2023-01-31,15575,621671
952,Monaco,2020-01-31,0,0
953,Monaco,2020-07-31,84,8604
954,Monaco,2021-01-31,1391,90130
955,Monaco,2021-07-31,1398,422442
956,Monaco,2022-01-31,5435,742123
957,Monaco,2022-07-31,5798,2073679
958,Monaco,2023-01-31,602,979777
959,Mongolia,2020-01-31,0,0
960,Mongolia,2020-07-31,291,17982
961,Mongolia,2021-01-31,1488,119166
962,Mongolia,2021-07-31,163368,9309197
963,Mongolia,2022-01-31,676701,93074335
964,Mongolia,2022-07-31,105174,166088574
965,Mongolia,2023-01-31,36493,66345504
966,Montenegro,2020-01-31,0,0
967,Montenegro,2020-07-31,3061,85292
968,Montenegro,2021-01-31,58122,4590426
969,Montenegro,2021-07-31,40603,16537621
970,Montenegro,2022-01-31,117580,26987270
971,Montenegro,2022-07-31,39188,42673143
972,Montenegro,2023-01-31,22351,18644003
973,Montserrat,2020-01-31,0,0
974,Montserrat,2020-07-31,13,1349
975,Montserrat,2021-01-31,0,2392
976,Montserrat,2021-07-31,8,3581
977,Montserrat,2022-01-31,142,9343
978,Montserrat,2022-07-31,891,98273
979,Montserrat,2023-01-31,349,82625
980,Morocco,2020-01-31,0,0
981,Morocco,2020-07-31,23259,1070252
982,Morocco,2021-01-31,447432,44376872
983,Morocco,2021-07-31,145308,92623972
984,Morocco,2022-01-31,515396,169896560
985,Morocco,2022-07-31,129364,213472956
986,Morocco,2023-01-31,4273,85957223
987,Mozambique,2020-01-31,0,0
988,Mozambique,2020-07-31,1808,63286
989,Mozambique,2021-01-31,35897,2361114
990,Mozambique,2021-07-31,82245,12760714
991,Mozambique,2022-01-31,103861,29508000
992,Mozambique,2022-07-31,5753,40916821
993,Mozambique,2023-01-31,748,15644058
994,Myanmar,2020-01-31,0,0
995,Myanmar,2020-07-31,353,26447
996,Myanmar,2021-01-31,139792,10774919
997,Myanmar,2021-07-31,159040,28406187
998,Myanmar,2022-01-31,236347,87422112
999,Myanmar,2022-07-31,78560,109122927
1000,Myanmar,2023-01-31,11405,41978340
1001,Namibia,2020-01-31,0,0
1002,Namibia,2020-07-31,2129,37045
1003,Namibia,2021-01-31,31811,2696183
1004,Namibia,2021-07-31,85345,10782955
1005,Namibia,2022-01-31,36614,24479739
1006,Namibia,2022-07-31,10605,29116389
1007,Namibia,2023-01-31,270,11333733
1008,Nauru,2020-01-31,0,0
1009,Nauru,2020-07-31,0,0
1010,Nauru,2021-01-31,0,0
1011,Nauru,2021-07-31,0,0
1012,Nauru,2022-01-31,0,0
1013,Nauru,2022-07-31,4407,151206
1014,Nauru,2023-01-31,203,311821
1015,Nepal,2020-01-31,5,41
1016,Nepal,2020-07-31,19766,760437
1017,Nepal,2021-01-31,251188,28750798
1018,Nepal,2021-07-31,424430,77789140
1019,Nepal,2022-01-31,258524,148290191
1020,Nepal,2022-07-31,32683,177054497
1021,Nepal,2023-01-31,13264,67759095
1022,Netherlands,2020-01-31,0,0
1023,Netherlands,2020-07-31,53890,5277804
1024,Netherlands,2021-01-31,920005,71976708
1025,Netherlands,2021-07-31,888113,260275813
1026,Netherlands,2022-01-31,2447918,453225226
1027,Netherlands,2022-07-31,4024254,1369027547
1028,Netherlands,2023-01-31,107171,570503619
1029,New Caledonia,2020-01-31,0,0
1030,New Caledonia,2020-07-31,22,2503
1031,New Caledonia,2021-01-31,25,5651
1032,New Caledonia,2021-07-31,87,19727
1033,New Caledonia,2022-01-31,18645,1570846
1034,New Caledonia,2022-07-31,51017,10554974
1035,New Caledonia,2023-01-31,4519,4991648
1036,New Zealand,2020-01-31,0,0
1037,New Zealand,2020-07-31,1210,141425
1038,New Zealand,2021-01-31,738,292902
1039,New Zealand,2021-07-31,566,404137
1040,New Zealand,2022-01-31,13526,1449931
1041,New Zealand,2022-07-31,1587338,153477432
1042,New Zealand,2023-01-31,168638,116756331
1043,Nicaragua,2020-01-31,0,0
1044,Nicaragua,2020-07-31,3080,136676
1045,Nicaragua,2021-01-31,1912,791418
1046,Nicaragua,2021-07-31,2600,1045300
1047,Nicaragua,2022-01-31,6089,2170457
1048,Nicaragua,2022-07-31,1126,2598693
1049,Nicaragua,2023-01-31,285,1016583
1050,Niger,2020-01-31,0,0
1051,Niger,2020-07-31,1134,106370
1052,Niger,2021-01-31,3382,346768
1053,Niger,2021-07-31,1100,936821
1054,Niger,2022-01-31,3033,1223796
1055,Niger,2022-07-31,465,1615609
1056,Niger,2023-01-31,298,632179
1057,Nigeria,2020-01-31,0,0
1058,Nigeria,2020-07-31,42689,1760893
1059,Nigeria,2021-01-31,87868,12726777
1060,Nigeria,2021-07-31,42854,29353185
1061,Nigeria,2022-01-31,79612,39185361
1062,Nigeria,2022-07-31,7954,46342899
1063,Nigeria,2023-01-31,4528,17936264
1064,Niue,2020-01-31,0,0
1065,Niue,2020-07-31,0,0
1066,Niue,2021-01-31,0,0
1067,Niue,2021-07-31,0,0
1068,Niue,2022-01-31,0,0
1069,Niue,2022-07-31,47,1702
1070,Niue,2023-01-31,34,4721
1071,North Macedonia,2020-01-31,0,0
1072,North Macedonia,2020-07-31,10617,472332
1073,North Macedonia,2021-01-31,81901,7992712
1074,North Macedonia,2021-07-31,63781,24837050
1075,North Macedonia,2022-01-31,111880,37363160
1076,North Macedonia,2022-07-31,58830,55506926
1077,North Macedonia,2023-01-31,16254,23037023
1078,Northern Mariana Islands (Commonwealth of the),2020-01-31,0,0
1079,Northern Mariana Islands (Commonwealth of the),2020-07-31,42,2870
1080,Northern Mariana Islands (Commonwealth of the),2021-01-31,90,16512
1081,Northern Mariana Islands (Commonwealth of the),2021-07-31,58,30040
1082,Northern Mariana Islands (Commonwealth of the),2022-01-31,4674,221557
1083,Northern Mariana Islands (Commonwealth of the),2022-07-31,7868,1940919
1084,Northern Mariana Islands (Commonwealth of the),2023-01-31,439,887295
1085,Norway,2020-01-31,0,0
1086,Norway,2020-07-31,9214,1042989
1087,Norway,2021-01-31,53822,5141950
1088,Norway,2021-07-31,74542,19313112
1089,Norway,2022-01-31,629463,49799996
1090,Norway,2022-07-31,688796,245819688
1091,Norway,2023-01-31,6894,99280798
1092,Oman,2020-01-31,0,0
1093,Oman,2020-07-31,79159,2795429
1094,Oman,2021-01-31,54569,20203637
1095,Oman,2021-07-31,162521,36118705
1096,Oman,2022-01-31,40211,56176647
1097,Oman,2022-07-31,59277,69809603
1098,Oman,2023-01-31,2687,27044181
1099,Other,2020-01-31,0,0
1100,Other,2020-07-31,741,121004
1101,Other,2021-01-31,4,136551
1102,Other,2021-07-31,19,136525
1103,Other,2022-01-31,0,140576
1104,Other,2022-07-31,0,138284
1105,Other,2023-01-31,0,51952
1106,Pakistan,2020-01-31,0,0
1107,Pakistan,2020-07-31,278305,13660524
1108,Pakistan,2021-01-31,264909,68349484
1109,Pakistan,2021-07-31,481647,142774661
1110,Pakistan,2022-01-31,393130,229044664
1111,Pakistan,2022-07-31,135939,275544155
1112,Pakistan,2023-01-31,18848,106593224
1113,Palau,2020-01-31,0,0
1114,Palau,2020-07-31,0,0
1115,Palau,2021-01-31,0,0
1116,Palau,2021-07-31,0,0
1117,Palau,2022-01-31,1527,10896
1118,Palau,2022-07-31,3705,798088
1119,Palau,2023-01-31,228,364447
1120,Panama,2020-01-31,0,0
1121,Panama,2020-07-31,63269,2507897
1122,Panama,2021-01-31,254984,28651717
1123,Panama,2021-07-31,115292,66920899
1124,Panama,2022-01-31,259089,89212568
1125,Panama,2022-07-31,261735,148053843
1126,Panama,2023-01-31,33244,66369464
1127,Papua New Guinea,2020-01-31,0,0
1128,Papua New Guinea,2020-07-31,63,1377
1129,Papua New Guinea,2021-01-31,788,108003
1130,Papua New Guinea,2021-07-31,16923,1859917
1131,Papua New Guinea,2022-01-31,19371,5122477
1132,Papua New Guinea,2022-07-31,7644,7812286
1133,Papua New Guinea,2023-01-31,302,3053321
1134,Paraguay,2020-01-31,0,0
1135,Paraguay,2020-07-31,4866,168020
1136,Paraguay,2021-01-31,127020,11505115
1137,Paraguay,2021-07-31,319809,51892218
1138,Paraguay,2022-01-31,118774,86042073
1139,Paraguay,2022-07-31,136640,117681371
1140,Paraguay,2023-01-31,9434,48567896
1141,Peru,2020-01-31,0,0
1142,Peru,2020-07-31,400683,20079314
1143,Peru,2021-01-31,725192,155876563
1144,Peru,2021-07-31,982720,311116545
1145,Peru,2022-01-31,1087893,416178350
1146,Peru,2022-07-31,699008,646119545
1147,Peru,2023-01-31,251362,277338481
1148,Philippines,2020-01-31,1,1
1149,Philippines,2020-07-31,89290,3229666
1150,Philippines,2021-01-31,434224,65239200
1151,Philippines,2021-07-31,1057303,183130153
1152,Philippines,2022-01-31,1964838,476512212
1153,Philippines,2022-07-31,226812,666716012
1154,Philippines,2023-01-31,188881,263864803
1155,Pitcairn Islands,2020-01-31,0,0
1156,Pitcairn Islands,2020-07-31,0,0
1157,Pitcairn Islands,2021-01-31,0,0
1158,Pitcairn Islands,2021-07-31,0,0
1159,Pitcairn Islands,2022-01-31,0,0
1160,Pitcairn Islands,2022-07-31,4,48
1161,Pitcairn Islands,2023-01-31,0,272
1162,Poland,2020-01-31,0,0
1163,Poland,2020-07-31,45031,2888905
1164,Poland,2021-01-31,1471137,110787672
1165,Poland,2021-07-31,1368713,448675661
1166,Poland,2022-01-31,2002785,621853655
1167,Poland,2022-07-31,1181999,1064960249
1168,Poland,2023-01-31,241308,421051697
1169,Portugal,2020-01-31,0,0
1170,Portugal,2020-07-31,51710,3970544
1171,Portugal,2021-01-31,622833,39103913
1172,Portugal,2021-07-31,288210,149607592
1173,Portugal,2022-01-31,1717470,227247022
1174,Portugal,2022-07-31,2654665,760328453
1175,Portugal,2023-01-31,158652,368678836
1176,Puerto Rico,2020-01-31,0,0
1177,Puerto Rico,2020-07-31,16572,623194
1178,Puerto Rico,2021-01-31,76834,9833819
1179,Puerto Rico,2021-07-31,52081,22260972
1180,Puerto Rico,2022-01-31,311136,39692385
1181,Puerto Rico,2022-07-31,393970,108261587
1182,Puerto Rico,2023-01-31,110131,62565796
1183,Qatar,2020-01-31,0,0
1184,Qatar,2020-07-31,110460,6707622
1185,Qatar,2021-01-31,40524,24223131
1186,Qatar,2021-07-31,75093,35616660
1187,Qatar,2022-01-31,111561,45502148
1188,Qatar,2022-07-31,70111,66630745
1189,Qatar,2023-01-31,47272,29351947
1190,Republic of Korea,2020-01-31,11,42
1191,Republic of Korea,2020-07-31,14294,1697634
1192,Republic of Korea,2021-01-31,63893,6466007
1193,Republic of Korea,2021-07-31,120147,22716746
1194,Republic of Korea,2022-01-31,647354,76726826
1195,Republic of Korea,2022-07-31,18930351,2447873417
1196,Republic of Korea,2023-01-31,5157706,1568466687
1197,Republic of Moldova,2020-01-31,0,0
1198,Republic of Moldova,2020-07-31,24343,1229048
1199,Republic of Moldova,2021-01-31,135170,15619971
1200,Republic of Moldova,2021-07-31,99843,41984252
1201,Republic of Moldova,2022-01-31,181342,60586173
1202,Republic of Moldova,2022-07-31,91489,92688727
1203,Republic of Moldova,2023-01-31,58624,38929418
1204,Romania,2020-01-31,0,0
1205,Romania,2020-07-31,49591,2508022
1206,Romania,2021-01-31,677327,59873612
1207,Romania,2021-07-31,356115,177697539
1208,Romania,2022-01-31,1113361,279861806
1209,Romania,2022-07-31,863174,513514482
1210,Romania,2023-01-31,214346,218069347
1211,Russian Federation,2020-01-31,2,2
1212,Russian Federation,2020-07-31,839979,48781893
1213,Russian Federation,2021-01-31,3010458,356669995
1214,Russian Federation,2021-07-31,2415434,885132735
1215,Russian Federation,2022-01-31,5595204,1594879176
1216,Russian Federation,2022-07-31,6740642,3171377716
1217,Russian Federation,2023-01-31,2562223,1345185293
1218,Rwanda,2020-01-31,0,0
1219,Rwanda,2020-07-31,1994,77153
1220,Rwanda,2021-01-31,13124,1092086
1221,Rwanda,2021-07-31,54720,5191272
1222,Rwanda,2022-01-31,59003,18319954
1223,Rwanda,2022-07-31,3426,23557561
1224,Rwanda,2023-01-31,241,9004848
1225,Réunion,2020-01-31,0,0
1226,Réunion,2020-07-31,657,59862
1227,Réunion,2021-01-31,9339,1026849
1228,Réunion,2021-07-31,27235,3873078
1229,Réunion,2022-01-31,143300,12084392
1230,Réunion,2022-07-31,258628,66386505
1231,Réunion,2023-01-31,37768,31486906
1232,Saba,2020-01-31,0,0
1233,Saba,2020-07-31,3,289
1234,Saba,2021-01-31,3,942
1235,Saba,2021-07-31,1,1175
1236,Saba,2022-01-31,192,6405
1237,Saba,2022-07-31,453,81639
1238,Saba,2023-01-31,78,48343
1239,Saint Barthélemy,2020-01-31,0,0
1240,Saint Barthélemy,2020-07-31,8,809
1241,Saint Barthélemy,2021-01-31,371,20091
1242,Saint Barthélemy,2021-07-31,956,158223
1243,Saint Barthélemy,2022-01-31,2207,332351
1244,Saint Barthélemy,2022-07-31,1596,779493
1245,Saint Barthélemy,2023-01-31,147,356356
1246,Saint Helena,2020-01-31,0,0
1247,Saint Helena,2020-07-31,0,0
1248,Saint Helena,2021-01-31,0,0
1249,Saint Helena,2021-07-31,0,0
1250,Saint Helena,2022-01-31,0,0
1251,Saint Helena,2022-07-31,0,0
1252,Saint Helena,2023-01-31,1826,28414
1253,Saint Kitts and Nevis,2020-01-31,0,0
1254,Saint Kitts and Nevis,2020-07-31,17,1808
1255,Saint Kitts and Nevis,2021-01-31,20,4146
1256,Saint Kitts and Nevis,2021-07-31,552,28620
1257,Saint Kitts and Nevis,2022-01-31,4830,452945
1258,Saint Kitts and Nevis,2022-07-31,1037,1039004
1259,Saint Kitts and Nevis,2023-01-31,89,443016
1260,Saint Lucia,2020-01-31,0,0
1261,Saint Lucia,2020-07-31,25,2296
1262,Saint Lucia,2021-01-31,1170,35434
1263,Saint Lucia,2021-07-31,4372,791991
1264,Saint Lucia,2022-01-31,15231,2189161
1265,Saint Lucia,2022-07-31,7168,4417621
1266,Saint Lucia,2023-01-31,1551,1955439
1267,Saint Martin,2020-01-31,0,0
1268,Saint Martin,2020-07-31,53,4997
1269,Saint Martin,2021-01-31,1236,107681
1270,Saint Martin,2021-07-31,1352,340251
1271,Saint Martin,2022-01-31,6965,777622
1272,Saint Martin,2022-07-31,2061,1887649
1273,Saint Martin,2023-01-31,311,809169
1274,Saint Pierre and Miquelon,2020-01-31,0,0
1275,Saint Pierre and Miquelon,2020-07-31,4,167
1276,Saint Pierre and Miquelon,2021-01-31,20,2223
1277,Saint Pierre and Miquelon,2021-07-31,4,4524
1278,Saint Pierre and Miquelon,2022-01-31,600,16007
1279,Saint Pierre and Miquelon,2022-07-31,2455,401760
1280,Saint Pierre and Miquelon,2023-01-31,148,214653
1281,Saint Vincent and the Grenadines,2020-01-31,0,0
1282,Saint Vincent and the Grenadines,2020-07-31,52,2894
1283,Saint Vincent and the Grenadines,2021-01-31,844,24597
1284,Saint Vincent and the Grenadines,2021-07-31,1395,337918
1285,Saint Vincent and the Grenadines,2022-01-31,5612,855388
1286,Saint Vincent and the Grenadines,2022-07-31,1460,1556468
1287,Saint Vincent and the Grenadines,2023-01-31,85,640936
1288,Samoa,2020-01-31,0,0
1289,Samoa,2020-07-31,0,0
1290,Samoa,2021-01-31,1,61
1291,Samoa,2021-07-31,0,181
1292,Samoa,2022-01-31,31,467
1293,Samoa,2022-07-31,15373,1416177
1294,Samoa,2023-01-31,537,1072870
1295,San Marino,2020-01-31,0,0
1296,San Marino,2020-07-31,718,78572
1297,San Marino,2021-01-31,2365,256840
1298,San Marino,2021-07-31,2108,849199
1299,San Marino,2022-01-31,7803,1219662
1300,San Marino,2022-07-31,6907,2970293
1301,San Marino,2023-01-31,1101,1388475
1302,Sao Tome and Principe,2020-01-31,0,0
1303,Sao Tome and Principe,2020-07-31,870,50142
1304,Sao Tome and Principe,2021-01-31,386,178273
1305,Sao Tome and Principe,2021-07-31,1190,390521
1306,Sao Tome and Principe,2022-01-31,3439,667079
1307,Sao Tome and Principe,2022-07-31,215,1082321
1308,Sao Tome and Principe,2023-01-31,136,419348
1309,Saudi Arabia,2020-01-31,0,0
1310,Saudi Arabia,2020-07-31,274219,13182996
1311,Saudi Arabia,2021-01-31,93594,62598728
1312,Saudi Arabia,2021-07-31,156771,77507512
1313,Saudi Arabia,2022-01-31,158469,102586030
1314,Saudi Arabia,2022-07-31,126396,137925013
1315,Saudi Arabia,2023-01-31,7678,55332277
1316,Senegal,2020-01-31,0,0
1317,Senegal,2020-07-31,10106,496829
1318,Senegal,2021-01-31,16107,2984448
1319,Senegal,2021-07-31,35032,7271151
1320,Senegal,2022-01-31,23691,13675161
1321,Senegal,2022-07-31,2406,15571504
1322,Senegal,2023-01-31,1135,5988011
1323,Serbia,2020-01-31,0,0
1324,Serbia,2020-07-31,25213,1451917
1325,Serbia,2021-01-31,368684,25520611
1326,Serbia,2021-07-31,327723,113107799
1327,Serbia,2022-01-31,940826,200807708
1328,Serbia,2022-07-31,456227,358129737
1329,Serbia,2023-01-31,254673,154767323
1330,Seychelles,2020-01-31,0,0
1331,Seychelles,2020-07-31,126,4689
1332,Seychelles,2021-01-31,1098,45284
1333,Seychelles,2021-07-31,17104,1528550
1334,Seychelles,2022-01-31,18794,4306402
1335,Seychelles,2022-07-31,8307,7646588
1336,Seychelles,2023-01-31,1712,3138699
1337,Sierra Leone,2020-01-31,0,0
1338,Sierra Leone,2020-07-31,1818,101321
1339,Sierra Leone,2021-01-31,1710,435419
1340,Sierra Leone,2021-07-31,2751,801438
1341,Sierra Leone,2022-01-31,1343,1211541
1342,Sierra Leone,2022-07-31,111,1390214
1343,Sierra Leone,2023-01-31,18,526697
1344,Singapore,2020-01-31,13,47
1345,Singapore,2020-07-31,51796,3657002
1346,Singapore,2021-01-31,7698,10613459
1347,Singapore,2021-07-31,5354,11098662
1348,Singapore,2022-01-31,283469,33617859
1349,Singapore,2022-07-31,1360620,206011629
1350,Singapore,2023-01-31,227320,124964844
1351,Sint Eustatius,2020-01-31,0,0
1352,Sint Eustatius,2020-07-31,3,251
1353,Sint Eustatius,2021-01-31,17,2348
1354,Sint Eustatius,2021-07-31,0,3620
1355,Sint Eustatius,2022-01-31,305,10660
1356,Sint Eustatius,2022-07-31,789,143050
1357,Sint Eustatius,2023-01-31,82,79890
1358,Sint Maarten,2020-01-31,0,0
1359,Sint Maarten,2020-07-31,126,8918
1360,Sint Maarten,2021-01-31,1696,164090
1361,Sint Maarten,2021-07-31,938,414973
1362,Sint Maarten,2022-01-31,6469,870962
1363,Sint Maarten,2022-07-31,1512,1816004
1364,Sint Maarten,2023-01-31,124,735905
1365,Slovakia,2020-01-31,0,0
1366,Slovakia,2020-07-31,2292,185302
1367,Slovakia,2021-01-31,247621,14888224
1368,Slovakia,2021-07-31,142734,65379571
1369,Slovakia,2022-01-31,615494,107190135
1370,Slovakia,2022-07-31,809638,302433190
1371,Slovakia,2023-01-31,28750,124737965
1372,Slovenia,2020-01-31,0,0
1373,Slovenia,2020-07-31,2140,192532
1374,Slovenia,2021-01-31,163846,9806611
1375,Slovenia,2021-07-31,93175,41504110
1376,Slovenia,2022-01-31,443296,68111888
1377,Slovenia,2022-07-31,380473,177163549
1378,Slovenia,2023-01-31,114261,77118811
1379,Solomon Islands,2020-01-31,0,0
1380,Solomon Islands,2020-07-31,0,0
1381,Solomon Islands,2021-01-31,17,1593
1382,Solomon Islands,2021-07-31,3,3488
1383,Solomon Islands,2022-01-31,1163,10009
1384,Solomon Islands,2022-07-31,20361,2644053
1385,Solomon Islands,2023-01-31,0,1464992
1386,Somalia,2020-01-31,0,0
1387,Somalia,2020-07-31,3212,216362
1388,Somalia,2021-01-31,1572,740591
1389,Somalia,2021-07-31,10574,2182545
1390,Somalia,2022-01-31,10030,3874688
1391,Somalia,2022-07-31,1569,4801120
1392,Somalia,2023-01-31,259,1841939
1393,South Africa,2020-01-31,0,0
1394,South Africa,2020-07-31,482169,12581819
1395,South Africa,2021-01-31,967067,149001871
1396,South Africa,2021-07-31,985800,308632679
1397,South Africa,2022-01-31,1168820,554519349
1398,South Africa,2022-07-31,401268,692615275
1399,South Africa,2023-01-31,15018,272848960
1400,South Sudan,2020-01-31,0,0
1401,South Sudan,2020-07-31,2381,130722
1402,South Sudan,2021-01-31,1656,551135
1403,South Sudan,2021-07-31,7019,1754678
1404,South Sudan,2022-01-31,5738,2384280
1405,South Sudan,2022-07-31,986,3148949
1406,South Sudan,2023-01-31,0,1209040
1407,Spain,2020-01-31,5,80
1408,Spain,2020-07-31,297471,29645400
1409,Spain,2021-01-31,2534236,235666518
1410,Spain,2021-07-31,1672031,642092438
1411,Spain,2022-01-31,5662526,1038553585
1412,Spain,2022-07-31,3060330,2165795258
1413,Spain,2023-01-31,204499,907416918
1414,Sri Lanka,2020-01-31,5,21
1415,Sri Lanka,2020-07-31,2810,177461
1416,Sri Lanka,2021-01-31,61342,3596563
1417,Sri Lanka,2021-07-31,244655,27874801
1418,Sri Lanka,2022-01-31,302373,95489225
1419,Sri Lanka,2022-07-31,54554,118952308
1420,Sri Lanka,2023-01-31,5099,45523998
1421,Sudan,2020-01-31,0,0
1422,Sudan,2020-07-31,11579,623618
1423,Sudan,2021-01-31,17871,3222774
1424,Sudan,2021-07-31,8041,6128129
1425,Sudan,2022-01-31,20717,7807764
1426,Sudan,2022-07-31,4866,11210553
1427,Sudan,2023-01-31,265,4300650
1428,Suriname,2020-01-31,0,0
1429,Suriname,2020-07-31,1607,35538
1430,Suriname,2021-01-31,6757,934806
1431,Suriname,2021-07-31,16854,2460261
1432,Suriname,2022-01-31,47944,8313254
1433,Suriname,2022-07-31,7804,14369761
1434,Suriname,2023-01-31,148,5510772
1435,Sweden,2020-01-31,1,1
1436,Sweden,2020-07-31,76383,5111419
1437,Sweden,2021-01-31,494674,40664932
1438,Sweden,2021-07-31,528895,164788696
1439,Sweden,2022-01-31,1043909,229881703
1440,Sweden,2022-07-31,397917,449328064
1441,Sweden,2023-01-31,59374,174749970
1442,Switzerland,2020-01-31,0,0
1443,Switzerland,2020-07-31,35281,3874846
1444,Switzerland,2021-01-31,487049,40790447
1445,Switzerland,2021-07-31,193409,115669447
1446,Switzerland,2022-01-31,1509561,192379947
1447,Switzerland,2022-07-31,1726333,621364994
1448,Switzerland,2023-01-31,157531,274408739
1449,Syrian Arab Republic,2020-01-31,0,0
1450,Syrian Arab Republic,2020-07-31,738,23103
1451,Syrian Arab Republic,2021-01-31,13260,1203477
1452,Syrian Arab Republic,2021-07-31,11956,3840354
1453,Syrian Arab Republic,2022-01-31,25387,7413792
1454,Syrian Arab Republic,2022-07-31,4938,10013949
1455,Syrian Arab Republic,2023-01-31,1040,3875018
1456,Tajikistan,2020-01-31,0,0
1457,Tajikistan,2020-07-31,7366,405031
1458,Tajikistan,2021-01-31,6348,2018795
1459,Tajikistan,2021-07-31,1768,2508834
1460,Tajikistan,2022-01-31,2224,3187344
1461,Tajikistan,2022-07-31,80,3218716
1462,Tajikistan,2023-01-31,0,1209448
1463,Thailand,2020-01-31,23,159
1464,Thailand,2020-07-31,3287,379656
1465,Thailand,2021-01-31,15472,961816
1466,Thailand,2021-07-31,578505,24656715
1467,Thailand,2022-01-31,1843255,326382707
1468,Thailand,2022-07-31,2149634,705868839
1469,Thailand,2023-01-31,91956,316195907
1470,The United Kingdom,2020-01-31,0,0
1471,The United Kingdom,2020-07-31,304064,27239755
1472,The United Kingdom,2021-01-31,3576665,252051596
1473,The United Kingdom,2021-07-31,2093279,833328271
1474,The United Kingdom,2022-01-31,11453823,1833582324
1475,The United Kingdom,2022-07-31,5914403,3863017801
1476,The United Kingdom,2023-01-31,393043,1600621098
1477,Timor-Leste,2020-01-31,0,0
1478,Timor-Leste,2020-07-31,24,2584
1479,Timor-Leste,2021-01-31,46,6156
1480,Timor-Leste,2021-07-31,10828,750751
1481,Timor-Leste,2022-01-31,9048,3404124
1482,Timor-Leste,2022-07-31,3058,4106839
1483,Timor-Leste,2023-01-31,264,1575523
1484,Togo,2020-01-31,0,0
1485,Togo,2020-07-31,927,50157
1486,Togo,2021-01-31,4114,459430
1487,Togo,2021-07-31,10583,2057712
1488,Togo,2022-01-31,20867,4782684
1489,Togo,2022-07-31,1593,6713278
1490,Togo,2023-01-31,1075,2623147
1491,Tokelau,2020-01-31,0,0
1492,Tokelau,2020-07-31,0,0
1493,Tokelau,2021-01-31,0,0
1494,Tokelau,2021-07-31,0,0
1495,Tokelau,2022-01-31,0,0
1496,Tokelau,2022-07-31,0,0
1497,Tokelau,2023-01-31,0,0
1498,Tonga,2020-01-31,0,0
1499,Tonga,2020-07-31,0,0
1500,Tonga,2021-01-31,0,0
1501,Tonga,2021-07-31,0,0
1502,Tonga,2022-01-31,1,94
1503,Tonga,2022-07-31,12553,1429999
1504,Tonga,2023-01-31,3628,1029093
1505,Trinidad and Tobago,2020-01-31,0,0
1506,Trinidad and Tobago,2020-07-31,157,15350
1507,Trinidad and Tobago,2021-01-31,7376,896249
1508,Trinidad and Tobago,2021-07-31,30714,3163227
1509,Trinidad and Tobago,2022-01-31,72943,11888712
1510,Trinidad and Tobago,2022-07-31,59982,26677232
1511,Trinidad and Tobago,2023-01-31,12652,12149983
1512,Tunisia,2020-01-31,0,0
1513,Tunisia,2020-07-31,1535,131828
1514,Tunisia,2021-01-31,205933,12861965
1515,Tunisia,2021-07-31,382097,59440307
1516,Tunisia,2022-01-31,317674,130646343
1517,Tunisia,2022-07-31,221454,187311113
1518,Tunisia,2023-01-31,17136,77675287
1519,Turkmenistan,2020-01-31,0,0
1520,Turkmenistan,2020-07-31,0,0
1521,Turkmenistan,2021-01-31,0,0
1522,Turkmenistan,2021-07-31,0,0
1523,Turkmenistan,2022-01-31,0,0
1524,Turkmenistan,2022-07-31,0,0
1525,Turkmenistan,2023-01-31,0,0
1526,Turks and Caicos Islands,2020-01-31,0,0
1527,Turks and Caicos Islands,2020-07-31,104,3278
1528,Turks and Caicos Islands,2021-01-31,1355,128865
1529,Turks and Caicos Islands,2021-07-31,1022,413751
1530,Turks and Caicos Islands,2022-01-31,3246,586781
1531,Turks and Caicos Islands,2022-07-31,576,1089856
1532,Turks and Caicos Islands,2023-01-31,77,432531
1533,Tuvalu,2020-01-31,0,0
1534,Tuvalu,2020-07-31,0,0
1535,Tuvalu,2021-01-31,0,0
1536,Tuvalu,2021-07-31,0,0
1537,Tuvalu,2022-01-31,0,0
1538,Tuvalu,2022-07-31,8,330
1539,Tuvalu,2023-01-31,12,1096
1540,Türkiye,2020-01-31,0,0
1541,Türkiye,2020-07-31,250081,18631464
1542,Türkiye,2021-01-31,2220820,223837501
1543,Türkiye,2021-07-31,3233812,773899646
1544,Türkiye,2022-01-31,5821908,1482908100
1545,Türkiye,2022-07-31,4362874,2660831273
1546,Türkiye,2023-01-31,984298,1137771842
1547,Uganda,2020-01-31,0,0
1548,Uganda,2020-07-31,1154,58900
1549,Uganda,2021-01-31,38425,3090599
1550,Uganda,2021-07-31,54616,9704852
1551,Uganda,2022-01-31,67734,23536098
1552,Uganda,2022-07-31,6409,29807351
1553,Uganda,2023-01-31,782,11483367
1554,Ukraine,2020-01-31,0,0
1555,Ukraine,2020-07-31,69884,3433068
1556,Ukraine,2021-01-31,1149571,97255529
1557,Ukraine,2021-07-31,1033330,341944217
1558,Ukraine,2022-01-31,1811710,547543250
1559,Ukraine,2022-07-31,959215,890304194
1560,Ukraine,2023-01-31,153507,345598898
1561,United Arab Emirates,2020-01-31,8,24
1562,United Arab Emirates,2020-07-31,60215,3839093
1563,United Arab Emirates,2021-01-31,240438,25923276
1564,United Arab Emirates,2021-07-31,378660,92917615
1565,United Arab Emirates,2022-01-31,163709,136702619
1566,United Arab Emirates,2022-07-31,147370,164286871
1567,United Arab Emirates,2023-01-31,39026,68985644
1568,United Republic of Tanzania,2020-01-31,0,0
1569,United Republic of Tanzania,2020-07-31,509,50896
1570,United Republic of Tanzania,2021-01-31,0,93656
1571,United Republic of Tanzania,2021-07-31,858,104699
1572,United Republic of Tanzania,2022-01-31,31863,4812201
1573,United Republic of Tanzania,2022-07-31,4635,6269089
1574,United Republic of Tanzania,2023-01-31,1648,2646584
1575,United States Virgin Islands,2020-01-31,0,0
1576,United States Virgin Islands,2020-07-31,398,13139
1577,United States Virgin Islands,2021-01-31,2000,268989
1578,United States Virgin Islands,2021-07-31,2116,587573
1579,United States Virgin Islands,2022-01-31,10332,1433308
1580,United States Virgin Islands,2022-07-31,6929,3216287
1581,United States Virgin Islands,2023-01-31,1423,1538241
1582,United States of America,2020-01-31,8,57
1583,United States of America,2020-07-31,4490804,238160397
1584,United States of America,2021-01-31,21372270,2177045878
1585,United States of America,2021-07-31,8816641,5655594273
1586,United States of America,2022-01-31,39299653,8704610622
1587,United States of America,2022-07-31,16253477,14815784968
1588,United States of America,2023-01-31,5028012,6337107244
1589,Uruguay,2020-01-31,0,0
1590,Uruguay,2020-07-31,1237,97186
1591,Uruguay,2021-01-31,39292,1542627
1592,Uruguay,2021-07-31,340658,37223410
1593,Uruguay,2022-01-31,272666,75708367
1594,Uruguay,2022-07-31,317875,161509705
1595,Uruguay,2023-01-31,14718,66620329
1596,Uzbekistan,2020-01-31,0,0
1597,Uzbekistan,2020-07-31,23558,754764
1598,Uzbekistan,2021-01-31,55153,11306466
1599,Uzbekistan,2021-07-31,50616,17144313
1600,Uzbekistan,2022-01-31,93681,33249227
1601,Uzbekistan,2022-07-31,20085,43108155
1602,Uzbekistan,2023-01-31,1203,16579798
1603,Vanuatu,2020-01-31,0,0
1604,Vanuatu,2020-07-31,0,0
1605,Vanuatu,2021-01-31,1,82
1606,Vanuatu,2021-07-31,2,473
1607,Vanuatu,2022-01-31,4,845
1608,Vanuatu,2022-07-31,11718,1126823
1609,Vanuatu,2023-01-31,249,805690
1610,Venezuela (Bolivarian Republic of),2020-01-31,0,0
1611,Venezuela (Bolivarian Republic of),2020-07-31,17159,446403
1612,Venezuela (Bolivarian Republic of),2021-01-31,108617,15313121
1613,Venezuela (Bolivarian Republic of),2021-07-31,178021,36697759
1614,Venezuela (Bolivarian Republic of),2022-01-31,177578,72710449
1615,Venezuela (Bolivarian Republic of),2022-07-31,53531,94160374
1616,Venezuela (Bolivarian Republic of),2023-01-31,10001,36858076
1617,Viet Nam,2020-01-31,2,14
1618,Viet Nam,2020-07-31,507,42071
1619,Viet Nam,2021-01-31,1272,223598
1620,Viet Nam,2021-07-31,139341,2457581
1621,Viet Nam,2022-01-31,2121931,193330486
1622,Viet Nam,2022-07-31,8511626,1571201595
1623,Viet Nam,2023-01-31,708850,773713223
1624,Wallis and Futuna,2020-01-31,0,0
1625,Wallis and Futuna,2020-07-31,0,0
1626,Wallis and Futuna,2021-01-31,5,304
1627,Wallis and Futuna,2021-07-31,448,61411
1628,Wallis and Futuna,2022-01-31,0,83352
1629,Wallis and Futuna,2022-07-31,308,84580
1630,Wallis and Futuna,2023-01-31,0,51748
1631,Yemen,2020-01-31,0,0
1632,Yemen,2020-07-31,1730,72424
1633,Yemen,2021-01-31,394,374087
1634,Yemen,2021-07-31,4934,945236
1635,Yemen,2022-01-31,3961,1708738
1636,Yemen,2022-07-31,858,2131986
1637,Yemen,2023-01-31,62,810595
1638,Zambia,2020-01-31,0,0
1639,Zambia,2020-07-31,5555,149653
1640,Zambia,2021-01-31,47797,3346869
1641,Zambia,2021-07-31,141744,19216860
1642,Zambia,2022-01-31,109826,41009767
1643,Zambia,2022-07-31,24561,57777785
1644,Zambia,2023-01-31,4072,22607508
1645,Zimbabwe,2020-01-31,0,0
1646,Zimbabwe,2020-07-31,3092,59852
1647,Zimbabwe,2021-01-31,30179,2031530
1648,Zimbabwe,2021-07-31,74219,8087173
1649,Zimbabwe,2022-01-31,121970,27999471
1650,Zimbabwe,2022-07-31,26918,44740398
1651,Zimbabwe,2023-01-31,1139,17466855
1652,"occupied Palestinian territory, including east Jerusalem",2020-01-31,0,0
1653,"occupied Palestinian territory, including east Jerusalem",2020-07-31,14838,319987
1654,"occupied Palestinian territory, including east Jerusalem",2021-01-31,163678,15204283
1655,"occupied Palestinian territory, including east Jerusalem",2021-07-31,167062,52958731
1656,"occupied Palestinian territory, including east Jerusalem",2022-01-31,179138,79971265
1657,"occupied Palestinian territory, including east Jerusalem",2022-07-31,157380,117827259
1658,"occupied Palestinian territory, including east Jerusalem",2023-01-31,20708,47598869
